id	url	html_path	headers_path	html_sha256	headers_sha256	retrieved_at	http_status	last_modified	notes
agent-approvals-security	https://developers.openai.com/codex/agent-approvals-security	knowledge/primary/CODX/pages/agent-approvals-security/index.html	knowledge/primary/CODX/pages/agent-approvals-security/response-headers.txt	5a65ac85aadf427738eb997b70f59d2ad37c36600ddf0944fb11bec31cf2c579	e804eb19ae5fe0a575259e42839b7c99ccfc58e84301771dcbf6f54f35efea43	2026-06-05T09:59:47Z	200	Fri, 05 Jun 2026 10:00:06 GMT	Full HTML snapshot saved locally; page is public and kept with redacted headers.
agents-md	https://developers.openai.com/codex/guides/agents-md	knowledge/primary/CODX/pages/agents-md/index.html	knowledge/primary/CODX/pages/agents-md/response-headers.txt	9061446239ea152cc0de836caf14d36f3bdb4ed3b2d36dd98cb84125847c41b1	72b8ba067e40a53434035e70745857f913765a67fe80f40c6e238d3d8f19826f	2026-06-03T12:51:36Z	200	Wed, 03 Jun 2026 11:12:28 GMT	Full HTML snapshot saved locally; page is public and kept with redacted headers.
app	https://developers.openai.com/codex/app	knowledge/primary/CODX/pages/app/index.html	knowledge/primary/CODX/pages/app/response-headers.txt	e17486a944b9d60af2c8431a99a7cbf1ebb96ba7267dedee2950d898a78219f3	cc8566cc91bec1a088385e6761da7eadb854adcb36c85c52a4d3d8073af585df	2026-06-05T09:59:47Z	200	Fri, 05 Jun 2026 09:56:43 GMT	Full HTML snapshot saved locally; page is public and kept with redacted headers.
app-server	https://developers.openai.com/codex/app-server	knowledge/primary/CODX/pages/app-server/index.html	knowledge/primary/CODX/pages/app-server/response-headers.txt	c29763aba67620a2bce6d9b22cdb8980c5eb68afcdc55be74464604ea22139eb	908da75945a4e085be5851c519767ba1dfaefdbce2a1fc9c48aaa4b268a6c1d3	2026-06-05T09:59:47Z	200	Fri, 05 Jun 2026 09:56:53 GMT	Full HTML snapshot saved locally; page is public and kept with redacted headers.
app/automations	https://developers.openai.com/codex/app/automations	knowledge/primary/CODX/pages/app/automations/index.html	knowledge/primary/CODX/pages/app/automations/response-headers.txt	d6532173bfb992e6cb52000ef1af12127cd41e8718505bf3ca8f899767a00db4	0efbfb7ca13563a019da434d07c98bec26023da34be64544721a95936ca61761	2026-06-05T09:59:47Z	200	Fri, 05 Jun 2026 09:57:17 GMT	Full HTML snapshot saved locally; page is public and kept with redacted headers.
app/commands	https://developers.openai.com/codex/app/commands	knowledge/primary/CODX/pages/app/commands/index.html	knowledge/primary/CODX/pages/app/commands/response-headers.txt	1cb018124c9614fe79c04fccf37fde678b421bdc69b39f34510b16209190facd	ce0699f75ff80a6c8620e832127ce521852191bb8a0767952b9edb97869aea94	2026-06-05T09:59:47Z	200	Fri, 05 Jun 2026 10:00:24 GMT	Full HTML snapshot saved locally; page is public and kept with redacted headers.
app/features	https://developers.openai.com/codex/app/features	knowledge/primary/CODX/pages/app/features/index.html	knowledge/primary/CODX/pages/app/features/response-headers.txt	6eac597824f8187c599abad7a01f3aaabb3947a42c769dc66055ff330244e91a	63b0974dc70e8157f065052d0daa7a4ba6744124f44122f0c437e1d5b0ac00bf	2026-06-05T09:59:47Z	200	Fri, 05 Jun 2026 09:57:59 GMT	Full HTML snapshot saved locally; page is public and kept with redacted headers.
app/local-environments	https://developers.openai.com/codex/app/local-environments	knowledge/primary/CODX/pages/app/local-environments/index.html	knowledge/primary/CODX/pages/app/local-environments/response-headers.txt	6cfd38ac0ae0e2a04ad2d13cdcf9d47073bee6111b72bafa876accc2db00f5f4	cddca1637dadf057757daa885a7c542625463f1681cae696b27f474ae1e00728	2026-06-05T09:59:47Z	200	Fri, 05 Jun 2026 09:57:05 GMT	Full HTML snapshot saved locally; page is public and kept with redacted headers.
app/settings	https://developers.openai.com/codex/app/settings	knowledge/primary/CODX/pages/app/settings/index.html	knowledge/primary/CODX/pages/app/settings/response-headers.txt	8f23aa2fbdb0851a8ffb7e1cd8f9d50f6d8e843b009c014e43436bd0ad39039a	93925a0f0d83aa6d915a42e6eb57c2f062abb3b47491f89ea73165a50367e761	2026-06-05T09:59:47Z	200	Fri, 05 Jun 2026 09:58:37 GMT	Full HTML snapshot saved locally; page is public and kept with redacted headers.
app/troubleshooting	https://developers.openai.com/codex/app/troubleshooting	knowledge/primary/CODX/pages/app/troubleshooting/index.html	knowledge/primary/CODX/pages/app/troubleshooting/response-headers.txt	f97d8e322255c9cb7dabd317c848ed862799362de317ae4965fd65b0cdd5a0fc	be40bda5450112b403fdbdd71324daab4c5e5ced7fadb2c5789c7ebf7356c96e	2026-06-05T09:59:47Z	200	Fri, 05 Jun 2026 09:57:37 GMT	Full HTML snapshot saved locally; page is public and kept with redacted headers.
app/worktrees	https://developers.openai.com/codex/app/worktrees	knowledge/primary/CODX/pages/app/worktrees/index.html	knowledge/primary/CODX/pages/app/worktrees/response-headers.txt	2ea2468930e683654df2143a9a20c95293fb646fac26682bd729d96860df170d	05010d18b561849c153c9bd0b6d4abe33e1ac74fedf32ae6b5396fbd1719818e	2026-06-05T09:59:47Z	200	Fri, 05 Jun 2026 09:57:26 GMT	Full HTML snapshot saved locally; page is public and kept with redacted headers.
changelog	https://developers.openai.com/codex/changelog	knowledge/primary/CODX/pages/changelog/index.html	knowledge/primary/CODX/pages/changelog/response-headers.txt	f26d9569d124bb51bafdcf36cd25923a3202ff8143521d219829545774baab30	1c2997c1f5585787afe39cf64d0ce199fbe5db31a4708ecbb31dcb1ac630639b	2026-06-05T09:59:47Z	200	Fri, 05 Jun 2026 09:56:47 GMT	Full HTML snapshot saved locally; page is public and kept with redacted headers.
cli	https://developers.openai.com/codex/cli	knowledge/primary/CODX/pages/cli/index.html	knowledge/primary/CODX/pages/cli/response-headers.txt	c763c7f79ee2e2870a52ebdbe0fddeeabbe56cfef6d73eeed610288879462019	a8249d8342928d57c33b26815e2419fe5491613190b55e39c76703c3655d69c3	2026-06-05T09:59:47Z	200	Fri, 05 Jun 2026 09:56:39 GMT	Full HTML snapshot saved locally; page is public and kept with redacted headers.
cli/features	https://developers.openai.com/codex/cli/features	knowledge/primary/CODX/pages/cli/features/index.html	knowledge/primary/CODX/pages/cli/features/response-headers.txt	60aadb9c22e203a6f5d2e9fd8159d39783437193678bce7ced1b52065e21be1c	57444eb4d8926b56f0d2923d9d18d98aabb1815251199c6a21c88691e14065a0	2026-06-05T09:59:47Z	200	Fri, 05 Jun 2026 09:58:31 GMT	Full HTML snapshot saved locally; page is public and kept with redacted headers.
cli/reference	https://developers.openai.com/codex/cli/reference	knowledge/primary/CODX/pages/cli/reference/index.html	knowledge/primary/CODX/pages/cli/reference/response-headers.txt	91d663b0cd8984e60ee46cb52586c54dd75ff3ae727741720c6c8e1df4fc4f7e	d7be05086a410561f50cff1c5ed554c8a98863a9f28e6f13bb022e0502d3b799	2026-06-05T09:59:47Z	200	Fri, 05 Jun 2026 09:59:10 GMT	Full HTML snapshot saved locally; page is public and kept with redacted headers.
cli/slash-commands	https://developers.openai.com/codex/cli/slash-commands	knowledge/primary/CODX/pages/cli/slash-commands/index.html	knowledge/primary/CODX/pages/cli/slash-commands/response-headers.txt	8aed84374c7a60cc95b9dd378a8732f12a63290e45c28c3671e71313645ab91e	f0a74334c2434bba5f5a0549b1d73cab66e4722d959eba54bc58aa99084a3728	2026-06-05T09:59:47Z	200	Fri, 05 Jun 2026 09:58:41 GMT	Full HTML snapshot saved locally; page is public and kept with redacted headers.
cloud	https://developers.openai.com/codex/cloud	knowledge/primary/CODX/pages/cloud/index.html	knowledge/primary/CODX/pages/cloud/response-headers.txt	ac96bf9eed5e98221d987dd27c2d06f94f86d22cd38cae7f4b5ab2249351b1b6	16bc5c0bd6ec5d0d7cf495d61e4dfe56e6587ca3a731b8004bf370bc928a4d50	2026-06-05T09:59:47Z	200	Fri, 05 Jun 2026 09:56:58 GMT	Full HTML snapshot saved locally; page is public and kept with redacted headers.
cloud/environments	https://developers.openai.com/codex/cloud/environments	knowledge/primary/CODX/pages/cloud/environments/index.html	knowledge/primary/CODX/pages/cloud/environments/response-headers.txt	22fca0314408f5e2369a4ad8ec8b5d9c102e70f1db8a55f125525ed8452f4796	0b80f7f3dcf0007ecfae1008b6079636bc8dae2f5d1b52525f9adb68826cb2d8	2026-06-05T09:59:47Z	200	Fri, 05 Jun 2026 10:00:31 GMT	Full HTML snapshot saved locally; page is public and kept with redacted headers.
cloud/internet-access	https://developers.openai.com/codex/cloud/internet-access	knowledge/primary/CODX/pages/cloud/internet-access/index.html	knowledge/primary/CODX/pages/cloud/internet-access/response-headers.txt	5d673377e95bb022d40400ad72acc5f79b215acfd8112ef0240a31a3d70c4b18	b08afc1dbc746da6a00f2ce0f142c583014945ee9079e2779d08083d1560a2d0	2026-06-05T09:59:47Z	200	Fri, 05 Jun 2026 10:00:50 GMT	Full HTML snapshot saved locally; page is public and kept with redacted headers.
concepts/customization	https://developers.openai.com/codex/concepts/customization	knowledge/primary/CODX/pages/concepts/customization/index.html	knowledge/primary/CODX/pages/concepts/customization/response-headers.txt	756ea73e6b4f5748e139bfe1c2a058bb960109d1ed480b1a48f19922ef2ca650	686751eaf204587cf3730cadc8483b269f85071513f428839fc6db965e2ac009	2026-06-05T09:59:47Z	200	Fri, 05 Jun 2026 10:00:05 GMT	Full HTML snapshot saved locally; page is public and kept with redacted headers.
concepts/sandboxing	https://developers.openai.com/codex/concepts/sandboxing	knowledge/primary/CODX/pages/concepts/sandboxing/index.html	knowledge/primary/CODX/pages/concepts/sandboxing/response-headers.txt	3347f84de216d1e5a5339398f68ebeac881609b3dad4fbd3e0c8dbb14d7d70bc	79dc41fa73bf7089c0b3ed0b7d578b4154909b5e8c55c1866606d1f56da157f0	2026-06-05T09:59:47Z	200	Fri, 05 Jun 2026 09:56:50 GMT	Full HTML snapshot saved locally; page is public and kept with redacted headers.
concepts/subagents	https://developers.openai.com/codex/concepts/subagents	knowledge/primary/CODX/pages/concepts/subagents/index.html	knowledge/primary/CODX/pages/concepts/subagents/response-headers.txt	73b846c570ddcedbf83beb7b3ceb761a73e2d089c1d349e6a30b18e1e1da6a93	9b9cc0639f57da1b9574d17324354fece4cbdf581d30ad3305f205e195a5e29f	2026-06-05T09:59:47Z	200	Fri, 05 Jun 2026 10:00:13 GMT	Full HTML snapshot saved locally; page is public and kept with redacted headers.
config-advanced	https://developers.openai.com/codex/config-advanced	knowledge/primary/CODX/pages/config-advanced/index.html	knowledge/primary/CODX/pages/config-advanced/response-headers.txt	88f1bd06a8fafa467650de619f6a288d5422bc7cdee1612f12728c664e0b34f5	8d787445925b2a87c2086fde142108db89bf85b90f49a65e526ed396a7b9f29c	2026-06-05T09:59:47Z	200	Fri, 05 Jun 2026 09:57:05 GMT	Full HTML snapshot saved locally; page is public and kept with redacted headers.
config-basic	https://developers.openai.com/codex/config-basic	knowledge/primary/CODX/pages/config-basic/index.html	knowledge/primary/CODX/pages/config-basic/response-headers.txt	fc17221decd0b9769798ae1b7337034ce913ed32c89ef790451c6ba2ddd078c5	19a8f57dc53501d7dcfc74e73985591dc4eb99a9790d48fbcea09db60af4cd2c	2026-06-05T09:59:47Z	200	Fri, 05 Jun 2026 09:58:10 GMT	Full HTML snapshot saved locally; page is public and kept with redacted headers.
config-reference	https://developers.openai.com/codex/config-reference	knowledge/primary/CODX/pages/config-reference/index.html	knowledge/primary/CODX/pages/config-reference/response-headers.txt	ac9d80dc083e54dd0201755cdb4eba20beb3214464c92e0cf53eea2c21215737	0414463c379c12ed7c7b07c90e8819812e614aeaad4d52d9900bee34e2e15f38	2026-06-05T09:59:47Z	200	Fri, 05 Jun 2026 09:57:38 GMT	Full HTML snapshot saved locally; page is public and kept with redacted headers.
config-sample	https://developers.openai.com/codex/config-sample	knowledge/primary/CODX/pages/config-sample/index.html	knowledge/primary/CODX/pages/config-sample/response-headers.txt	c8bb5007e56f54f21636cf9c9bad7d264e6c9c18bc926286d2c11ee21b1c9f19	158a72ab4cd30ae4df36bd85c1665ee9f6257ba4f1f469bdcf15964499494550	2026-06-05T09:59:47Z	200	Fri, 05 Jun 2026 09:58:26 GMT	Full HTML snapshot saved locally; page is public and kept with redacted headers.
enterprise/access-tokens	https://developers.openai.com/codex/enterprise/access-tokens	knowledge/primary/CODX/pages/enterprise/access-tokens/index.html	knowledge/primary/CODX/pages/enterprise/access-tokens/response-headers.txt	ede7ce1f57a6c4ee5c4b96c8d235f4bf7d3b315b39ef7dc2f6e63f758cd9ddfc	211624e84905ee115a2a763a0e5483d0cc3e5329e1968a58301c5a1ad4d49ce9	2026-06-05T09:59:47Z	200	Fri, 05 Jun 2026 10:01:46 GMT	Full HTML snapshot saved locally; page is public and kept with redacted headers.
enterprise/admin-setup	https://developers.openai.com/codex/enterprise/admin-setup	knowledge/primary/CODX/pages/enterprise/admin-setup/index.html	knowledge/primary/CODX/pages/enterprise/admin-setup/response-headers.txt	510af3a8316c82b387c7024e1d1f3e526f36d638ebb48801413f02dd6e9670ad	1388f011244479347cef74724fc9d9cb6d2e9a7a9ee198ae6031d3fb875345fc	2026-06-05T09:59:47Z	200	Fri, 05 Jun 2026 09:59:50 GMT	Full HTML snapshot saved locally; page is public and kept with redacted headers.
enterprise/governance	https://developers.openai.com/codex/enterprise/governance	knowledge/primary/CODX/pages/enterprise/governance/index.html	knowledge/primary/CODX/pages/enterprise/governance/response-headers.txt	76c47f822a205521d415d4fffd747b8fdd68528abdc9f05a8d21e5a8757e31c4	fe67aeb8ccbd56effc150841b1bce10e0a1e9dbd6b785d1a51dca0c2aab223f5	2026-06-05T09:59:47Z	200	Fri, 05 Jun 2026 09:59:06 GMT	Full HTML snapshot saved locally; page is public and kept with redacted headers.
enterprise/managed-configuration	https://developers.openai.com/codex/enterprise/managed-configuration	knowledge/primary/CODX/pages/enterprise/managed-configuration/index.html	knowledge/primary/CODX/pages/enterprise/managed-configuration/response-headers.txt	4bd25f2a1d29a445dba8a52c022cd948f76d1c5e422696db76f184c687eff352	5fde84bed3f784e82a27f3e9bd9d451af81c13eabc341fb18b8db90fb9e3e63e	2026-06-05T09:59:47Z	200	Fri, 05 Jun 2026 09:57:19 GMT	Full HTML snapshot saved locally; page is public and kept with redacted headers.
environment-variables	https://developers.openai.com/codex/environment-variables	knowledge/primary/CODX/pages/environment-variables/index.html	knowledge/primary/CODX/pages/environment-variables/response-headers.txt	a00be30ada4d32ac1df37806ddddf1ff4ccc3e8b50b213312655678158354e0a	71d136449b07f08fb13bfaeb3f7fa6e8e386b6fd0fbd9a5844421563500771ac	2026-06-05T09:59:47Z	200	Fri, 05 Jun 2026 09:57:32 GMT	Full HTML snapshot saved locally; page is public and kept with redacted headers.
github-action	https://developers.openai.com/codex/github-action	knowledge/primary/CODX/pages/github-action/index.html	knowledge/primary/CODX/pages/github-action/response-headers.txt	238d02937e0ab65ca3c93f0e8eebc063799b93e0cc53138bdffe0f823f2d96ee	f6dd30ad12d0838092aca25841620782f0d34258683010644f0a26db9bb464c5	2026-06-05T09:59:47Z	200	Fri, 05 Jun 2026 09:59:28 GMT	Full HTML snapshot saved locally; page is public and kept with redacted headers.
guides/agents-md	https://developers.openai.com/codex/guides/agents-md	knowledge/primary/CODX/pages/guides/agents-md/index.html	knowledge/primary/CODX/pages/guides/agents-md/response-headers.txt	42febbd9e2d0e3cbf9b64fb68c188e1340808fda13cb2c2a4eb3ebbf10831e03	f7e2d58595c21ed521c3b2755197faa97471e2f5cb33fa60cf568f902726cf8a	2026-06-05T09:59:47Z	200	Fri, 05 Jun 2026 09:56:45 GMT	Full HTML snapshot saved locally; page is public and kept with redacted headers.
hooks	https://developers.openai.com/codex/hooks	knowledge/primary/CODX/pages/hooks/index.html	knowledge/primary/CODX/pages/hooks/response-headers.txt	9144bb490d2ad1f3de4f13764d4575899895af76bdd0a3095a0935c035439ff5	14364a786975877d7de1cccbd4bfffd0215c8a9d93f1e8fb06e30181c3126bd1	2026-06-05T09:59:47Z	200	Fri, 05 Jun 2026 09:57:41 GMT	Full HTML snapshot saved locally; page is public and kept with redacted headers.
ide	https://developers.openai.com/codex/ide	knowledge/primary/CODX/pages/ide/index.html	knowledge/primary/CODX/pages/ide/response-headers.txt	0e8c508d750710c4e3bc7bc8b7d0f23ff46a19ad914d772eff5f4a8d8b3b4588	495e15916b204a6bfafdc96911ae92b071f63c3f94e698e3f5d0a6e9216ba816	2026-06-05T09:59:47Z	200	Fri, 05 Jun 2026 09:56:56 GMT	Full HTML snapshot saved locally; page is public and kept with redacted headers.
ide/commands	https://developers.openai.com/codex/ide/commands	knowledge/primary/CODX/pages/ide/commands/index.html	knowledge/primary/CODX/pages/ide/commands/response-headers.txt	e9c2bbf7c21cb4cdd06456497329f8d438fae7546aa39a40e2171aedef1eb2ba	c42b11c6ecce74bed7d6e475c803ac72ad9bac1019e37e951b6623d471553eb0	2026-06-05T09:59:47Z	200	Fri, 05 Jun 2026 09:58:23 GMT	Full HTML snapshot saved locally; page is public and kept with redacted headers.
ide/features	https://developers.openai.com/codex/ide/features	knowledge/primary/CODX/pages/ide/features/index.html	knowledge/primary/CODX/pages/ide/features/response-headers.txt	d3bae42697c6381ac6fd925fcadf54f5859115c3bf65ed2a8af66010e5238e59	d9efa84e57e9378fb7e8c894a3ae91c6322bacf761705c7b5bbe033cf59d04a8	2026-06-05T09:59:47Z	200	Fri, 05 Jun 2026 09:58:24 GMT	Full HTML snapshot saved locally; page is public and kept with redacted headers.
ide/settings	https://developers.openai.com/codex/ide/settings	knowledge/primary/CODX/pages/ide/settings/index.html	knowledge/primary/CODX/pages/ide/settings/response-headers.txt	96b5999faa0cf8f669fa198e7780bb804f5caa2f10e392385dd3c9b2b7992a08	2bd2f6b6c732a0785fcb1f0b6f7c6b953a44f7fa02c9ed5b758daaa97f3d96af	2026-06-05T09:59:47Z	200	Fri, 05 Jun 2026 10:00:33 GMT	Full HTML snapshot saved locally; page is public and kept with redacted headers.
ide/slash-commands	https://developers.openai.com/codex/ide/slash-commands	knowledge/primary/CODX/pages/ide/slash-commands/index.html	knowledge/primary/CODX/pages/ide/slash-commands/response-headers.txt	c6ba371b372adc92e231a275a0f85db09e0b70ec156e18e9f135929d8c35bd61	184a633eacf747ad5e503e29dcf1e46ab8e71ac7f6b1074318f760cd8a5ba8a7	2026-06-05T09:59:47Z	200	Fri, 05 Jun 2026 10:00:36 GMT	Full HTML snapshot saved locally; page is public and kept with redacted headers.
integrations/github	https://developers.openai.com/codex/integrations/github	knowledge/primary/CODX/pages/integrations/github/index.html	knowledge/primary/CODX/pages/integrations/github/response-headers.txt	b9f296f9654ab880c13585a215b101c75856b036bf368ad7cfaf953e59cf8c6e	427d9095b5706bf2784f6399865a127e9768ad6b61cd91594d14327c4d9f02cd	2026-06-05T09:59:47Z	200	Fri, 05 Jun 2026 09:56:55 GMT	Full HTML snapshot saved locally; page is public and kept with redacted headers.
integrations/linear	https://developers.openai.com/codex/integrations/linear	knowledge/primary/CODX/pages/integrations/linear/index.html	knowledge/primary/CODX/pages/integrations/linear/response-headers.txt	72dfc8b9a0882c7d6df7c2ac73f16673502022e2d42c17447dd5729f2a11751a	861599c5dc9a6b0c086efcd37d141a59a79fa9e01f6fffdb0500a389f0e2ae5d	2026-06-05T09:59:47Z	200	Fri, 05 Jun 2026 10:00:53 GMT	Full HTML snapshot saved locally; page is public and kept with redacted headers.
integrations/slack	https://developers.openai.com/codex/integrations/slack	knowledge/primary/CODX/pages/integrations/slack/index.html	knowledge/primary/CODX/pages/integrations/slack/response-headers.txt	767c3a5ac2d4009e5ccbd8f68437860e2daffdb1c6af93a3aca6b99909ec1daa	7ffc870c15fc58d9e598ce9e79f66bcc98736fd9a8d1dd95406b7fd25ae7ea9d	2026-06-05T09:59:47Z	200	Fri, 05 Jun 2026 09:57:11 GMT	Full HTML snapshot saved locally; page is public and kept with redacted headers.
learn/best-practices	https://developers.openai.com/codex/learn/best-practices	knowledge/primary/CODX/pages/learn/best-practices/index.html	knowledge/primary/CODX/pages/learn/best-practices/response-headers.txt	182a7ef8c1698ac4e5647ccdb0f3d513bb86f514c0717644d25c203f82a242e4	597745cc9ac4237d86a659c087c49775d37703c14ecf0533e338e930da145f62	2026-06-05T09:59:47Z	200	Fri, 05 Jun 2026 09:57:28 GMT	Full HTML snapshot saved locally; page is public and kept with redacted headers.
mcp	https://developers.openai.com/codex/mcp	knowledge/primary/CODX/pages/mcp/index.html	knowledge/primary/CODX/pages/mcp/response-headers.txt	c98ce9075b5105ddfdaaf8336ffddbc1caadce845985bcfe0e302674c851f3ee	11f2ac6f95d4a8aeca64ee81b565431adb1520aae5b2e5c429f6c10e5945db8b	2026-06-05T09:59:47Z	200	Fri, 05 Jun 2026 09:56:40 GMT	Full HTML snapshot saved locally; page is public and kept with redacted headers.
memories	https://developers.openai.com/codex/memories	knowledge/primary/CODX/pages/memories/index.html	knowledge/primary/CODX/pages/memories/response-headers.txt	222de2410b38d6577b9dad2bbb662855170e8223f980407f0af69bdb14c638f2	f479e42e084c6dc6627712f532e03a0729ef73acd9d9fe289de2dbd047c134f6	2026-06-05T09:59:47Z	200	Fri, 05 Jun 2026 10:00:08 GMT	Full HTML snapshot saved locally; page is public and kept with redacted headers.
memories/chronicle	https://developers.openai.com/codex/memories/chronicle	knowledge/primary/CODX/pages/memories/chronicle/index.html	knowledge/primary/CODX/pages/memories/chronicle/response-headers.txt	efa22cba7c0b32d87e3bed6d7f26878e5ed4172e23548b8ef00dac06c64a5792	b8a778ec254601b85914daba885d1dcd139ad31753db07257694becf45f331e4	2026-06-05T09:59:47Z	200	Fri, 05 Jun 2026 10:00:10 GMT	Full HTML snapshot saved locally; page is public and kept with redacted headers.
migrate	https://developers.openai.com/codex/migrate	knowledge/primary/CODX/pages/migrate/index.html	knowledge/primary/CODX/pages/migrate/response-headers.txt	d3789d582bde46fb47f596d41ac9bdcf4c120381422843f831738e2ebe9ea830	d6bd20d90136378b16d7d8c964afd63c5e6ada2e6a1d2a613a86f0a5b6adae3b	2026-06-05T09:59:47Z	200	Fri, 05 Jun 2026 09:59:51 GMT	Full HTML snapshot saved locally; page is public and kept with redacted headers.
models	https://developers.openai.com/codex/models	knowledge/primary/CODX/pages/models/index.html	knowledge/primary/CODX/pages/models/response-headers.txt	09dc450e06e02bf2d8839369744e84240990860c18d3cdcf2f50e03350a53d54	1bbe986c1bdc6b963d1d9bac13f0952d56df637f0648a713014d93e588f592b6	2026-06-05T09:59:47Z	200	Fri, 05 Jun 2026 09:57:36 GMT	Full HTML snapshot saved locally; page is public and kept with redacted headers.
noninteractive	https://developers.openai.com/codex/noninteractive	knowledge/primary/CODX/pages/noninteractive/index.html	knowledge/primary/CODX/pages/noninteractive/response-headers.txt	9b8a8835d6d52229f5a903117823cbd89dd7335b2dd2f87650d1eba2f5e2ebb5	65502b6d95cc5d6cbdf9da47879145e7d1264a1d2baf565df29958fd7327d8ad	2026-06-05T09:59:47Z	200	Fri, 05 Jun 2026 09:58:43 GMT	Full HTML snapshot saved locally; page is public and kept with redacted headers.
permissions	https://developers.openai.com/codex/permissions	knowledge/primary/CODX/pages/permissions/index.html	knowledge/primary/CODX/pages/permissions/response-headers.txt	8d7fd08037c370661c147b619279a0ab46b2bacb9e89ec69919cd57da274a8c4	3c856590be8f31a09e9fc72d7f57998e449e17dc259859a904cdc2f2f4473d9f	2026-06-05T09:59:47Z	200	Fri, 05 Jun 2026 09:57:41 GMT	Full HTML snapshot saved locally; page is public and kept with redacted headers.
plugins	https://developers.openai.com/codex/plugins	knowledge/primary/CODX/pages/plugins/index.html	knowledge/primary/CODX/pages/plugins/response-headers.txt	ff744d8a98b2bcddf5a79a3b60a6867285437d341eb5df2dc2e5a446db5a658e	5b058bea1c9f467991608025c31cc50eb4ed44bcec16688b91f9f60809083391	2026-06-05T09:59:47Z	200	Fri, 05 Jun 2026 09:57:03 GMT	Full HTML snapshot saved locally; page is public and kept with redacted headers.
plugins/build	https://developers.openai.com/codex/plugins/build	knowledge/primary/CODX/pages/plugins/build/index.html	knowledge/primary/CODX/pages/plugins/build/response-headers.txt	7f268376fac191d6b72b78d7e0df90c6226ca8c1c63bf841349470ccb0f91bd3	b413cbe700283b00834bac0abaa1a1372ac4294722a96700e7d3a7893451c87e	2026-06-05T09:59:47Z	200	Fri, 05 Jun 2026 09:58:20 GMT	Full HTML snapshot saved locally; page is public and kept with redacted headers.
prompting	https://developers.openai.com/codex/prompting	knowledge/primary/CODX/pages/prompting/index.html	knowledge/primary/CODX/pages/prompting/response-headers.txt	04b4dac5d617505870b19fa7c320c5dfab413bcb68f25f23a4679b3ba784ddc4	38c9f268c6891ff26461ed261e3a3c3b66a34c0a1ebcc4d82a0654511e356dbc	2026-06-05T09:59:47Z	200	Fri, 05 Jun 2026 09:58:10 GMT	Full HTML snapshot saved locally; page is public and kept with redacted headers.
quickstart	https://developers.openai.com/codex/quickstart	knowledge/primary/CODX/pages/quickstart/index.html	knowledge/primary/CODX/pages/quickstart/response-headers.txt	08342f2b8d5012dbbbeb036f08e7b44dd3991770b0ffe06fc43291f0add2da49	177ae94442bad590ffa9d1dea5d1fc8afd322ecd4cfab1ceb571e0c7764a2846	2026-06-05T09:59:47Z	200	Fri, 05 Jun 2026 09:56:58 GMT	Full HTML snapshot saved locally; page is public and kept with redacted headers.
remote-connections	https://developers.openai.com/codex/remote-connections	knowledge/primary/CODX/pages/remote-connections/index.html	knowledge/primary/CODX/pages/remote-connections/response-headers.txt	6e0a913d43ccc82b601541a9422689350daac4dcd6c481cb3ec38ad7a6e8c500	9321e10e265d07276ea680ec32e13c34faa2f4645e27a6320d32a0aa7db5db86	2026-06-05T09:59:47Z	200	Fri, 05 Jun 2026 09:57:30 GMT	Full HTML snapshot saved locally; page is public and kept with redacted headers.
rules	https://developers.openai.com/codex/rules	knowledge/primary/CODX/pages/rules/index.html	knowledge/primary/CODX/pages/rules/response-headers.txt	4204468fc2f2b9c2e524828b0968f22edc8dade253a05cf241bc4582556b6049	2702b6a9b35866b53294fcf1a7141cefa55863da76e828425c658986aaa5ead0	2026-06-05T09:59:47Z	200	Fri, 05 Jun 2026 09:58:42 GMT	Full HTML snapshot saved locally; page is public and kept with redacted headers.
sdk	https://developers.openai.com/codex/sdk	knowledge/primary/CODX/pages/sdk/index.html	knowledge/primary/CODX/pages/sdk/response-headers.txt	296da8cdcdec0b1eb8899ebda1667c660be4acdee321a77e9f05b63bb3a2ad7a	fd1f62c787a9d0fb0fa85b463f81519dcdcd6993ee1606b29e2d17570d182f76	2026-06-05T09:59:47Z	200	Fri, 05 Jun 2026 09:56:31 GMT	Full HTML snapshot saved locally; page is public and kept with redacted headers.
security	https://developers.openai.com/codex/security	knowledge/primary/CODX/pages/security/index.html	knowledge/primary/CODX/pages/security/response-headers.txt	8bb7514ed6859408b366a2729b82c8f0ef34731aefeb6fa9051466fcc4d68fcf	dd14aa31237ce4651000997ba8db6964303aae5c8bdee373914a10d5f809bf80	2026-06-05T09:59:47Z	200	Fri, 05 Jun 2026 09:57:31 GMT	Full HTML snapshot saved locally; page is public and kept with redacted headers.
security/faq	https://developers.openai.com/codex/security/faq	knowledge/primary/CODX/pages/security/faq/index.html	knowledge/primary/CODX/pages/security/faq/response-headers.txt	4d2271a99eed149a5ce46865bec846b0bf6885cfee44eb471985a71faa4efec1	c2e4924be9ad4d2d65d8512ed360d8aaa1fb8bf6d7aa697336aeb147a517c5cc	2026-06-05T09:59:47Z	200	Fri, 05 Jun 2026 10:01:27 GMT	Full HTML snapshot saved locally; page is public and kept with redacted headers.
security/plugin	https://developers.openai.com/codex/security/plugin	knowledge/primary/CODX/pages/security/plugin/index.html	knowledge/primary/CODX/pages/security/plugin/response-headers.txt	70bc7e4d645d80c305e678cdb9dc898ea0b60426bc2dc01a954df10ede94e9c8	0cd823213a3dd7959dd8cdecd68fe2e7bd71b4ee37a37b603802c05310ff7999	2026-06-05T09:59:47Z	200	Fri, 05 Jun 2026 09:58:00 GMT	Full HTML snapshot saved locally; page is public and kept with redacted headers.
security/setup	https://developers.openai.com/codex/security/setup	knowledge/primary/CODX/pages/security/setup/index.html	knowledge/primary/CODX/pages/security/setup/response-headers.txt	29d56ca18b54177505381872adef350d7000b3d1839d3eae8985d36900604c69	14f13c5ee224af6aba66e4d13fe5dd4327234c42c4d28bf89e23d33e250737a6	2026-06-05T09:59:47Z	200	Fri, 05 Jun 2026 10:01:29 GMT	Full HTML snapshot saved locally; page is public and kept with redacted headers.
security/threat-model	https://developers.openai.com/codex/security/threat-model	knowledge/primary/CODX/pages/security/threat-model/index.html	knowledge/primary/CODX/pages/security/threat-model/response-headers.txt	203324f664cbfec452774ae3470861213085019a2a11e432bfeca1cb466f9dbd	894155d4f368293d19cd93a695c1bc084a3b447145c1619d05a29308d11aa929	2026-06-05T09:59:47Z	200	Fri, 05 Jun 2026 10:01:32 GMT	Full HTML snapshot saved locally; page is public and kept with redacted headers.
sites	https://developers.openai.com/codex/sites	knowledge/primary/CODX/pages/sites/index.html	knowledge/primary/CODX/pages/sites/response-headers.txt	440f0e3f41e4fffff0b2a647807517b86f104905f1355e6dd09b39703f0da868	197630de7d3b2e48d4b65eaf7fed8d01419751cc136b10b0376972400afb036b	2026-06-05T09:59:47Z	200	Fri, 05 Jun 2026 09:57:06 GMT	Full HTML snapshot saved locally; page is public and kept with redacted headers.
skills	https://developers.openai.com/codex/skills	knowledge/primary/CODX/pages/skills/index.html	knowledge/primary/CODX/pages/skills/response-headers.txt	c0f0687ee09e70d0ce0abf985ac3001f6c9d4d55307bca6ec54af4e8d426dcb2	e4cad5e47d0f376483dc6619d813152c235a96211e5ab2e603257c46c3d2d3ab	2026-06-05T09:59:47Z	200	Fri, 05 Jun 2026 09:57:07 GMT	Full HTML snapshot saved locally; page is public and kept with redacted headers.
speed	https://developers.openai.com/codex/speed	knowledge/primary/CODX/pages/speed/index.html	knowledge/primary/CODX/pages/speed/response-headers.txt	2cf8e12fa1cc2bc069052b1b97df55f1865fcb01f7be1201290fb1b906ea7f08	632ddeb11c86c26b25a29af8cdb30936de6707868baf817643e40cc5628614e6	2026-06-05T09:59:47Z	200	Fri, 05 Jun 2026 09:56:48 GMT	Full HTML snapshot saved locally; page is public and kept with redacted headers.
subagents	https://developers.openai.com/codex/subagents	knowledge/primary/CODX/pages/subagents/index.html	knowledge/primary/CODX/pages/subagents/response-headers.txt	0a9bd2cd15e3d6808370b3c9f56dd9a5c10b24e04dc206fc0c30a58656970353	d5d18e17b38af43f77bd54b04834b830e6a8922ae48f977aa35d20e4b22cfb12	2026-06-05T09:59:47Z	200	Fri, 05 Jun 2026 09:56:52 GMT	Full HTML snapshot saved locally; page is public and kept with redacted headers.
web	https://developers.openai.com/codex/web	knowledge/primary/CODX/pages/web/index.html	knowledge/primary/CODX/pages/web/response-headers.txt	ac96bf9eed5e98221d987dd27c2d06f94f86d22cd38cae7f4b5ab2249351b1b6	7d39d7aaf47b1af14baafaa4e6019dbee82754692ea98e0b328f0fb6da1880f6	2026-06-05T09:59:47Z	200	Fri, 05 Jun 2026 09:56:58 GMT	Full HTML snapshot saved locally; page is public and kept with redacted headers.
workflows	https://developers.openai.com/codex/workflows	knowledge/primary/CODX/pages/workflows/index.html	knowledge/primary/CODX/pages/workflows/response-headers.txt	9b33aed0a5642d8183efb21e782c8f9d3e9d4fa29fa7f7f987b7c3b7e2630a45	d9992ecb41766c48f442fcfeb5cd03ed23a01478fc0cf533d67e5d2cde7be161	2026-06-05T09:59:47Z	200	Fri, 05 Jun 2026 10:00:15 GMT	Full HTML snapshot saved locally; page is public and kept with redacted headers.
