https://www.writethedocs.org/guide/about/	about	About Write the Docs &#8212; Write the Docs
https://www.writethedocs.org/guide/choosing-tools/	choosing-tools	Choosing tools for documentation &#8212; Write the Docs
https://www.writethedocs.org/guide/contributing/	contributing	Contributing to the Write the Docs guide &#8212; Write the Docs
https://www.writethedocs.org/guide/imposter/	imposter	Conquering imposter syndrome &#8212; Write the Docs
https://www.writethedocs.org/guide/seo/	seo	Search engine optimization (SEO) for documentation &#8212; Write the Docs
https://www.writethedocs.org/guide/starting/	starting	Getting started: documentation best practices for developers &#8212; Write the Docs
https://www.writethedocs.org/guide/tools/	tools	Tools for documentation writing &#8212; Write the Docs
https://www.writethedocs.org/guide/ux-writing/	ux-writing	UX writing &#8212; Write the Docs
https://www.writethedocs.org/guide/writing/accessibility/	writing/accessibility	Accessibility guidelines: for writing and beyond &#8212; Write the Docs
https://www.writethedocs.org/guide/writing/asciidoc/	writing/asciidoc	Introduction to AsciiDoc &#8212; Write the Docs
https://www.writethedocs.org/guide/writing/beginners-guide-to-docs/	writing/beginners-guide-to-docs	How to write software documentation &#8212; Write the Docs
https://www.writethedocs.org/guide/writing/docs-principles/	writing/docs-principles	Documentation principles &#8212; Write the Docs
https://www.writethedocs.org/guide/writing/markdown/	writing/markdown	Introduction to Markdown &#8212; Write the Docs
https://www.writethedocs.org/guide/writing/mindshare/	writing/mindshare	Building documentation mindshare in a company &#8212; Write the Docs
https://www.writethedocs.org/guide/writing/reStructuredText/	writing/reStructuredText	Introduction to reStructuredText &#8212; Write the Docs
https://www.writethedocs.org/guide/writing/reducing-bias/	writing/reducing-bias	Reducing bias in your writing &#8212; Write the Docs
https://www.writethedocs.org/guide/writing/style-guides/	writing/style-guides	Style Guides &#8212; Write the Docs
https://www.writethedocs.org/guide/writing/support-team/	writing/support-team	Producing documentation inside a Support team &#8212; Write the Docs
https://www.writethedocs.org/guide/writing/xml/	writing/xml	Introduction to XML &#8212; Write the Docs
